{
  "$schema": "http://json-schema.org/draft-07/schema#",
  "title": "ExecuteMsg",
  "anyOf": [
    {
      "type": "object",
      "required": [
        "add_liquidity"
      ],
      "properties": {
        "add_liquidity": {
          "type": "object",
          "required": [
            "max_token2",
            "min_liquidity",
            "token1_amount"
          ],
          "properties": {
            "expiration": {
              "anyOf": [
                {
                  "$ref": "#/definitions/Expiration"
                },
                {
                  "type": "null"
                }
              ]
            },
            "max_token2": {
              "$ref": "#/definitions/Uint128"
            },
            "min_liquidity": {
              "$ref": "#/definitions/Uint128"
            },
            "token1_amount": {
              "$ref": "#/definitions/Uint128"
            }
          }
        }
      },
      "additionalProperties": false
    },
    {
      "type": "object",
      "required": [
        "remove_liquidity"
      ],
      "properties": {
        "remove_liquidity": {
          "type": "object",
          "required": [
            "amount",
            "min_token1",
            "min_token2"
          ],
          "properties": {
            "amount": {
              "$ref": "#/definitions/Uint128"
            },
            "expiration": {
              "anyOf": [
                {
                  "$ref": "#/definitions/Expiration"
                },
                {
                  "type": "null"
                }
              ]
            },
            "min_token1": {
              "$ref": "#/definitions/Uint128"
            },
            "min_token2": {
              "$ref": "#/definitions/Uint128"
            }
          }
        }
      },
      "additionalProperties": false
    },
    {
      "type": "object",
      "required": [
        "swap_token1_for_token2"
      ],
      "properties": {
        "swap_token1_for_token2": {
          "type": "object",
          "required": [
            "min_token2",
            "token1_amount"
          ],
          "properties": {
            "expiration": {
              "anyOf": [
                {
                  "$ref": "#/definitions/Expiration"
                },
                {
                  "type": "null"
                }
              ]
            },
            "min_token2": {
              "$ref": "#/definitions/Uint128"
            },
            "token1_amount": {
              "$ref": "#/definitions/Uint128"
            }
          }
        }
      },
      "additionalProperties": false
    },
    {
      "type": "object",
      "required": [
        "swap_token2_for_token1"
      ],
      "properties": {
        "swap_token2_for_token1": {
          "type": "object",
          "required": [
            "min_token1",
            "token2_amount"
          ],
          "properties": {
            "expiration": {
              "anyOf": [
                {
                  "$ref": "#/definitions/Expiration"
                },
                {
                  "type": "null"
                }
              ]
            },
            "min_token1": {
              "$ref": "#/definitions/Uint128"
            },
            "token2_amount": {
              "$ref": "#/definitions/Uint128"
            }
          }
        }
      },
      "additionalProperties": false
    },
    {
      "type": "object",
      "required": [
        "multi_contract_swap"
      ],
      "properties": {
        "multi_contract_swap": {
          "type": "object",
          "required": [
            "input_token",
            "input_token_amount",
            "output_amm_address",
            "output_min_token",
            "output_token"
          ],
          "properties": {
            "expiration": {
              "anyOf": [
                {
                  "$ref": "#/definitions/Expiration"
                },
                {
                  "type": "null"
                }
              ]
            },
            "input_token": {
              "$ref": "#/definitions/TokenSelect"
            },
            "input_token_amount": {
              "$ref": "#/definitions/Uint128"
            },
            "output_amm_address": {
              "$ref": "#/definitions/Addr"
            },
            "output_min_token": {
              "$ref": "#/definitions/Uint128"
            },
            "output_token": {
              "$ref": "#/definitions/TokenSelect"
            }
          }
        }
      },
      "additionalProperties": false
    },
    {
      "type": "object",
      "required": [
        "swap_to"
      ],
      "properties": {
        "swap_to": {
          "type": "object",
          "required": [
            "input_amount",
            "input_token",
            "min_token",
            "recipient"
          ],
          "properties": {
            "expiration": {
              "anyOf": [
                {
                  "$ref": "#/definitions/Expiration"
                },
                {
                  "type": "null"
                }
              ]
            },
            "input_amount": {
              "$ref": "#/definitions/Uint128"
            },
            "input_token": {
              "$ref": "#/definitions/TokenSelect"
            },
            "min_token": {
              "$ref": "#/definitions/Uint128"
            },
            "recipient": {
              "$ref": "#/definitions/Addr"
            }
          }
        }
      },
      "additionalProperties": false
    }
  ],
  "definitions": {
    "Addr": {
      "description": "A human readable address.\n\nIn Cosmos, this is typically bech32 encoded. But for multi-chain smart contracts no assumptions should be made other than being UTF-8 encoded and of reasonable length.\n\nThis type represents a validated address. It can be created in the following ways 1. Use `Addr::unchecked(input)` 2. Use `let checked: Addr = deps.api.addr_validate(input)?` 3. Use `let checked: Addr = deps.api.addr_humanize(canonical_addr)?` 4. Deserialize from JSON. This must only be done from JSON that was validated before such as a contract's state. `Addr` must not be used in messages sent by the user because this would result in unvalidated instances.\n\nThis type is immutable. If you really need to mutate it (Really? Are you sure?), create a mutable copy using `let mut mutable = Addr::to_string()` and operate on that `String` instance.",
      "type": "string"
    },
    "Expiration": {
      "description": "Expiration represents a point in time when some event happens. It can compare with a BlockInfo and will return is_expired() == true once the condition is hit (and for every block in the future)",
      "anyOf": [
        {
          "description": "AtHeight will expire when `env.block.height` >= height",
          "type": "object",
          "required": [
            "at_height"
          ],
          "properties": {
            "at_height": {
              "type": "integer",
              "format": "uint64",
              "minimum": 0.0
            }
          },
          "additionalProperties": false
        },
        {
          "description": "AtTime will expire when `env.block.time` >= time",
          "type": "object",
          "required": [
            "at_time"
          ],
          "properties": {
            "at_time": {
              "$ref": "#/definitions/Timestamp"
            }
          },
          "additionalProperties": false
        },
        {
          "description": "Never will never expire. Used to express the empty variant",
          "type": "object",
          "required": [
            "never"
          ],
          "properties": {
            "never": {
              "type": "object"
            }
          },
          "additionalProperties": false
        }
      ]
    },
    "Timestamp": {
      "description": "A point in time in nanosecond precision.\n\nThis type can represent times from 1970-01-01T00:00:00Z to 2554-07-21T23:34:33Z.",
      "allOf": [
        {
          "$ref": "#/definitions/Uint64"
        }
      ]
    },
    "TokenSelect": {
      "type": "string",
      "enum": [
        "Token1",
        "Token2"
      ]
    },
    "Uint128": {
      "description": "A thin wrapper around u128 that is using strings for JSON encoding/decoding, such that the full u128 range can be used for clients that convert JSON numbers to floats, like JavaScript and jq.\n\n# Examples\n\nUse `from` to create instances of this and `u128` to get the value out:\n\n``` # use cosmwasm_std::Uint128; let a = Uint128::from(123u128); assert_eq!(a.u128(), 123);\n\nlet b = Uint128::from(42u64); assert_eq!(b.u128(), 42);\n\nlet c = Uint128::from(70u32); assert_eq!(c.u128(), 70); ```",
      "type": "string"
    },
    "Uint64": {
      "description": "A thin wrapper around u64 that is using strings for JSON encoding/decoding, such that the full u64 range can be used for clients that convert JSON numbers to floats, like JavaScript and jq.\n\n# Examples\n\nUse `from` to create instances of this and `u64` to get the value out:\n\n``` # use cosmwasm_std::Uint64; let a = Uint64::from(42u64); assert_eq!(a.u64(), 42);\n\nlet b = Uint64::from(70u32); assert_eq!(b.u64(), 70); ```",
      "type": "string"
    }
  }
}
